MAPE,MAE,MSE,R2,Tiempo
4.856218,1.001053,1.683044,1.160271,0.114000
4.822762,1.038663,1.838433,0.574961,0.113000
4.581108,0.968718,1.615882,0.846640,0.114000
4.970642,1.070139,1.939520,0.545478,0.115000
5.194650,1.126872,2.117103,0.389658,0.113000
4.849309,1.014509,1.736256,0.953773,0.115000
7.363666,1.466221,3.201323,1.891402,0.113000
4.923922,1.025189,1.761521,0.992865,0.114000
5.216352,1.112439,2.072615,0.649684,0.113000
6.447249,1.298902,2.672230,1.390819,0.111000
4.674250,0.979214,1.636803,0.987375,0.113000
5.340906,1.090954,1.963072,1.321552,0.113000
4.812408,0.993288,1.663837,1.136419,0.115000
5.115921,1.057384,1.857974,1.127997,0.113000
4.801612,1.008655,1.722599,0.963933,0.114000
4.711941,0.984279,1.648126,1.030649,0.114000
4.668039,0.979174,1.639334,0.953559,0.114000
6.370811,1.340662,2.859630,0.732390,0.112000
6.233927,1.254561,2.449820,1.682845,0.113000
4.744191,1.008421,1.727821,0.729852,0.114000
6.797012,1.361937,2.885609,1.583378,0.112000
4.892189,1.054883,1.877436,0.509951,0.113000
4.795881,0.995820,1.682334,1.085034,0.114000
4.960418,1.046196,1.826032,0.757957,0.113000
4.977764,1.018872,1.734960,1.281118,0.114000
5.204992,1.063088,1.860823,1.262144,0.114000
4.692176,1.003289,1.723337,0.668593,0.113000
5.894473,1.191866,2.246082,1.529108,0.112000
4.540280,0.949877,1.556950,1.022374,0.114000
4.967294,1.059997,1.893708,0.721179,0.113000
5.025171,1.034240,1.790087,1.277656,0.112000
7.489058,1.489878,3.337575,1.872999,0.111000
5.277827,1.125696,2.106046,0.530329,0.111000
5.562399,1.124974,2.043326,1.383415,0.114000
5.762842,1.213682,2.390447,0.734232,0.113000
4.843464,1.047398,1.855968,0.456816,0.114000
4.701844,0.982668,1.645781,1.016928,0.115000
5.272298,1.144611,2.160222,0.283096,0.113000
4.923076,1.028013,1.773100,0.922858,0.114000
4.851800,1.044871,1.847970,0.502310,0.116000
4.680193,0.997390,1.700243,0.736450,0.116000
4.924890,1.027379,1.774855,0.988067,0.116000
4.817301,0.996419,1.676870,1.149589,0.114000
6.030887,1.242605,2.493955,1.117052,0.112000
5.140678,1.044449,1.803203,1.373750,0.114000
4.934015,1.033816,1.800482,0.929209,0.113000
4.961034,1.071076,1.929888,0.494296,0.113000
4.830682,0.994887,1.675327,1.233095,0.114000
5.318226,1.084741,1.932498,1.345678,0.111000
4.728880,1.004669,1.718913,0.774063,0.115000
4.956565,1.036117,1.796343,0.968515,0.113000
5.014072,1.036100,1.792435,1.085169,0.113000
4.885410,1.007567,1.713925,1.172656,0.114000
6.896789,1.374776,2.920536,1.744939,0.113000
6.508597,1.302351,2.614870,1.689170,0.113000
4.819837,1.014308,1.738470,0.882827,0.114000
4.693700,1.007394,1.740199,0.629834,0.113000
5.105059,1.040517,1.790021,1.374168,0.114000
4.581074,0.969771,1.620707,0.858357,0.117000
5.080131,1.048244,1.839987,1.136838,0.113000
5.166775,1.061641,1.865244,1.259514,0.113000
5.134598,1.095255,1.997910,0.631504,0.113000
5.004296,1.035108,1.799325,1.127936,0.113000
7.700812,1.532642,3.443895,1.950755,0.112000
4.578102,0.961866,1.593368,0.943163,0.115000
5.163363,1.058698,1.860243,1.255413,0.114000
4.706195,1.000846,1.711653,0.792721,0.114000
4.992629,1.072605,1.954055,0.536332,0.112000
4.553280,0.973529,1.636159,0.764365,0.114000
4.887950,1.008314,1.713355,1.160264,0.119000
5.855685,1.277836,2.634965,0.128295,0.112000
4.605580,0.962248,1.590458,1.041766,0.114000
6.427234,1.286139,2.548841,1.695548,0.113000
4.816302,1.022192,1.769715,0.728774,0.113000
5.235358,1.079014,1.927075,1.148393,0.113000
5.420076,1.111750,2.025705,1.199104,0.113000
4.902866,1.012314,1.720545,1.104266,0.114000
5.090289,1.076531,1.940304,0.788684,0.113000
5.403756,1.165848,2.245571,0.445604,0.113000
5.193195,1.117040,2.070560,0.501461,0.113000
5.000452,1.071192,1.920922,0.581307,0.112000
4.759572,0.990122,1.669108,1.059674,0.114000
6.093023,1.276051,2.616527,0.737318,0.112000
5.912581,1.255229,2.574727,0.534455,0.111000
4.826103,1.025169,1.776855,0.686866,0.113000
5.013037,1.028348,1.760737,1.266906,0.114000
5.613573,1.215963,2.451542,0.313780,0.113000
4.735609,1.002272,1.715448,0.854297,0.113000
5.105431,1.094516,2.017855,0.606229,0.112000
4.618380,0.989530,1.680300,0.650112,0.114000
5.656834,1.141002,2.086164,1.518310,0.114000
5.257943,1.138806,2.153315,0.364619,0.113000
5.594283,1.138565,2.125136,1.368774,0.114000
4.669332,0.977842,1.636881,1.041052,0.114000
5.681240,1.158109,2.165097,1.464662,0.113000
5.244210,1.071244,1.888442,1.301495,0.113000
4.768394,0.991358,1.675034,1.082950,0.114000
7.371235,1.471006,3.283461,1.870889,0.111000
4.706478,1.000729,1.707366,0.753998,0.113000
5.870654,1.188652,2.236376,1.466763,0.113000
4.782488,1.015447,1.757751,0.787984,0.114000
4.426726,0.939061,1.534192,0.838541,0.114000
4.754527,0.982432,1.642088,1.179461,0.113000
4.954601,1.022355,1.755204,1.169615,0.112000
5.108720,1.087332,1.975466,0.603782,0.113000
4.634424,1.002448,1.727221,0.551538,0.115000
6.117079,1.324751,2.844651,0.241301,0.112000
5.729343,1.157017,2.150134,1.491302,0.114000
5.356877,1.088122,1.925420,1.426216,0.112000
6.742386,1.356066,2.902436,1.324104,0.121000
7.214470,1.435150,3.110465,1.839665,0.112000
4.850725,1.024303,1.774933,0.914744,0.113000
4.792708,1.025378,1.790505,0.600776,0.116000
5.677712,1.146966,2.099836,1.547246,0.114000
4.803050,1.018262,1.759713,0.776265,0.112000
5.146318,1.063902,1.876971,1.141148,0.113000
4.857327,1.004690,1.697647,1.124347,0.114000
5.084202,1.039245,1.791011,1.321984,0.112000
4.852491,1.033441,1.810811,0.714082,0.113000
4.938386,1.047245,1.844674,0.752634,0.113000
5.190372,1.078653,1.924858,1.039507,0.113000
4.808581,1.017605,1.759378,0.836857,0.111000
6.987403,1.499212,3.587992,0.327647,0.110000
4.646225,0.990781,1.685558,0.742117,0.119000
5.013899,1.050358,1.845123,0.960116,0.112000
5.001966,1.064289,1.898606,0.625705,0.112000
5.067131,1.040697,1.798316,1.174127,0.113000
7.885869,1.555972,3.661291,1.918189,0.113000
6.424205,1.405903,3.068406,-0.048983,0.112000
4.957753,1.052054,1.860909,0.729416,0.114000
4.571878,0.954206,1.567105,1.009309,0.114000
4.806867,1.016776,1.751886,0.827652,0.112000
4.960973,1.021667,1.746736,1.152748,0.114000
4.593248,0.978512,1.638189,0.713109,0.113000
5.324968,1.140717,2.161913,0.529160,0.111000
5.963154,1.286697,2.699724,0.291871,0.111000
4.827022,1.014017,1.738897,0.917001,0.113000
4.839305,1.044813,1.843871,0.510336,0.112000
4.718939,1.009156,1.741669,0.661005,0.114000
5.029684,1.038787,1.793681,1.083168,0.114000
5.070473,1.041107,1.808462,1.225203,0.114000
5.245418,1.070887,1.894262,1.349708,0.114000
5.599923,1.137538,2.093219,1.446600,0.113000
4.611484,0.956717,1.567294,1.097604,0.113000
5.746852,1.167583,2.184014,1.215865,0.112000
4.986142,1.042225,1.820087,0.954317,0.113000
5.427094,1.104723,1.988313,1.330647,0.114000
4.496738,0.943099,1.543189,1.004571,0.114000
5.279690,1.086430,1.942982,1.190433,0.113000
4.512589,0.953107,1.563899,0.849373,0.113000
5.285799,1.075805,1.890691,1.389370,0.112000
4.614822,0.973508,1.628454,0.914925,0.113000
5.895572,1.180954,2.202159,1.562032,0.112000
4.737781,1.010994,1.746564,0.699595,0.113000
5.078279,1.075162,1.928444,0.739841,0.111000
5.052725,1.077868,1.946010,0.643612,0.111000
5.577004,1.140794,2.128151,1.281760,0.112000
5.263523,1.137776,2.165367,0.406012,0.111000
6.397469,1.313105,2.744089,1.078391,0.110000
4.577610,0.957906,1.579006,1.012587,0.113000
5.053496,1.037828,1.782812,1.229038,0.112000
4.780020,1.020036,1.773706,0.732354,0.112000
4.709804,0.985851,1.644626,0.938429,0.113000
4.691387,0.995934,1.692857,0.824242,0.113000
4.453368,0.934461,1.519026,0.955355,0.113000
5.389521,1.094403,1.953358,1.387162,0.113000
5.075026,1.041537,1.798240,1.244171,0.112000
4.745455,1.008533,1.729395,0.778367,0.114000
4.727056,0.983520,1.636404,1.006801,0.113000
4.717348,1.006245,1.733260,0.727363,0.114000
4.591933,0.978256,1.644932,0.733760,0.113000
4.912808,1.057732,1.884452,0.487851,0.126000
5.029371,1.088894,1.988833,0.438353,0.112000
4.892478,1.018823,1.749283,1.031165,0.113000
4.851019,1.000329,1.695675,1.278590,0.114000
5.142159,1.111035,2.066121,0.455271,0.114000
5.328970,1.139326,2.151893,0.586545,0.112000
4.674421,0.973055,1.612772,1.048690,0.114000
4.707889,1.007316,1.727445,0.689084,0.113000
4.736863,0.985015,1.649543,1.078724,0.115000
4.583467,0.962558,1.590202,0.949717,0.113000
6.246048,1.251023,2.415215,1.656488,0.112000
5.832394,1.179743,2.219132,1.558110,0.113000
4.674041,0.978167,1.631744,0.967971,0.114000
4.861911,1.005668,1.704482,1.157816,0.113000
4.546463,0.965533,1.610251,0.815256,0.113000
5.226836,1.087136,1.950819,0.940350,0.114000
5.997485,1.211289,2.334966,1.532136,0.112000
5.227006,1.106577,2.025772,0.659268,0.113000
4.533628,0.947054,1.550205,1.049620,0.113000
5.329926,1.089988,1.950292,1.364005,0.113000
4.713566,0.977624,1.624900,1.051932,0.113000
5.082063,1.095757,2.018759,0.518212,0.114000
5.955013,1.295716,2.745773,0.222062,0.111000
4.850128,1.032678,1.806250,0.769657,0.114000
7.773138,1.542925,3.436350,2.016860,0.113000
4.776341,1.016066,1.753324,0.780210,0.113000
5.578998,1.205036,2.414046,0.415714,0.113000
4.630881,0.968994,1.597022,0.934883,0.113000
5.362296,1.103939,1.990608,1.163409,0.111000
5.229420,1.064127,1.860662,1.263286,0.113000
4.738587,1.005027,1.721988,0.800567,0.113000
4.958019,1.075376,1.960414,0.445561,0.114000
4.982782,1.061034,1.886851,0.664068,0.113000
4.500567,0.944368,1.545588,0.985524,0.114000
5.298208,1.096237,1.975351,1.090165,0.112000
4.895089,1.055343,1.885746,0.546895,0.113000
5.006105,1.073269,1.932215,0.560178,0.113000
5.966923,1.202241,2.300047,1.472838,0.113000
4.700027,0.988892,1.662708,0.884716,0.113000
4.841345,1.031636,1.795173,0.696295,0.114000
5.307765,1.133392,2.133425,0.605686,0.113000
4.814112,0.995090,1.673806,1.152192,0.113000
7.655720,1.521107,3.538459,1.756035,0.112000
4.879656,1.025047,1.779255,0.850427,0.113000
5.184250,1.110668,2.062342,0.600118,0.113000
4.875730,1.034399,1.804245,0.673391,0.113000
9.131813,1.799591,4.684021,2.177958,0.111000
7.675689,1.529426,3.462973,1.965551,0.112000
4.939122,1.047413,1.840034,0.745757,0.112000
5.470851,1.165978,2.247188,0.632151,0.113000
6.542942,1.308547,2.632932,1.707781,0.112000
5.321394,1.134439,2.131527,0.578718,0.114000
4.621238,0.992522,1.695399,0.649136,0.113000
5.377260,1.093762,1.963843,1.389596,0.112000
5.533261,1.124531,2.049440,1.386548,0.112000
4.748978,1.005092,1.723161,0.908470,0.114000
5.124624,1.055204,1.859411,1.216073,0.113000
4.950157,1.019680,1.734700,1.158221,0.114000
4.660605,0.995433,1.705969,0.771564,0.114000
5.196324,1.063879,1.863602,1.211415,0.113000
4.641390,0.971277,1.613231,1.005459,0.114000
4.702054,0.981369,1.639923,1.010085,0.113000
6.015537,1.294981,2.750750,0.376830,0.123000
4.904598,1.056119,1.892026,0.560491,0.113000
4.879825,1.008694,1.714092,1.140740,0.114000
5.480222,1.113947,2.008466,1.451385,0.112000
4.961889,1.036138,1.798640,1.031784,0.113000
5.712726,1.156572,2.143980,1.529052,0.114000
4.674442,1.002214,1.727662,0.648999,0.113000
6.343476,1.379934,2.973726,0.004163,0.112000
5.488953,1.185366,2.319507,0.362307,0.112000
5.179406,1.052782,1.821252,1.328001,0.113000
4.507779,0.953626,1.568595,0.860070,0.113000
6.473632,1.302137,2.685887,1.375904,0.112000
4.726501,1.005897,1.733226,0.808155,0.113000
5.368287,1.103193,2.000700,1.194430,0.113000
4.976810,1.065163,1.922250,0.622814,0.112000
4.734205,0.990279,1.670855,0.991963,0.114000
8.983722,1.783855,4.381159,2.260680,0.112000
4.773303,1.012373,1.740412,0.799371,0.113000
8.099569,1.603364,3.717915,2.061012,0.112000
4.435866,0.937832,1.536892,0.908214,0.114000
4.773931,0.992701,1.664076,1.008502,0.114000
5.148056,1.054815,1.848102,1.043149,0.112000
6.104151,1.231368,2.389011,1.615739,0.113000
5.046704,1.080813,1.958734,0.590027,0.113000
4.682136,0.976918,1.633575,1.021130,0.113000
5.049265,1.054215,1.852475,0.947416,0.112000
5.364887,1.166400,2.234340,0.314666,0.113000
4.916356,1.008652,1.707911,1.303273,0.113000
5.836151,1.259013,2.592696,0.353258,0.114000
6.122771,1.241328,2.413193,1.666911,0.113000
5.025680,1.031538,1.769809,1.192099,0.112000
4.994329,1.053530,1.863710,0.898893,0.112000
5.417465,1.101222,1.978199,1.370145,0.114000
5.187237,1.102775,2.019404,0.727033,0.113000
4.588790,0.973686,1.631337,0.794444,0.114000
4.770580,1.014196,1.746472,0.724734,0.114000
4.593506,0.974611,1.632091,0.764187,0.113000
5.228406,1.122522,2.092544,0.548407,0.113000
4.625872,0.967021,1.599131,0.996718,0.116000
4.718141,1.004639,1.715724,0.747537,0.117000
5.201751,1.071659,1.896741,1.114115,0.112000
5.591573,1.131668,2.062682,1.496324,0.114000
4.921786,1.056559,1.881273,0.583071,0.113000
4.443506,0.944112,1.546925,0.808987,0.113000
5.422714,1.101954,1.967948,1.494129,0.114000
4.837760,1.003326,1.702395,1.116459,0.114000
5.344597,1.085988,1.924439,1.386912,0.113000
5.399791,1.104426,2.010741,1.364525,0.111000
4.600220,0.960780,1.580816,1.011893,0.113000
4.475479,0.941369,1.540529,0.972714,0.114000
4.594453,0.960970,1.590971,1.022465,0.113000
4.922868,1.026079,1.774510,1.080109,0.112000
6.816436,1.356101,2.778561,1.794614,0.112000
4.798660,1.004632,1.712689,0.973345,0.114000
4.987030,1.034622,1.802675,1.167469,0.113000
5.368006,1.108880,2.018496,0.985738,0.112000
4.585588,0.980296,1.656273,0.692700,0.113000
5.186037,1.117926,2.083649,0.464138,0.112000
5.044226,1.063113,1.893349,0.901206,0.115000
5.773717,1.167946,2.192045,1.458715,0.113000
5.115307,1.066582,1.892849,0.991826,0.113000
4.620767,0.981913,1.660927,0.802081,0.114000
5.284786,1.100097,1.989831,0.923326,0.113000
4.885858,1.007415,1.702947,1.169476,0.114000
5.400123,1.138336,2.142040,0.658118,0.112000
4.743607,1.019259,1.778557,0.620743,0.114000
4.727830,0.981194,1.636879,1.065166,0.114000
8.184122,1.637493,4.098964,1.763879,0.110000
5.130200,1.046897,1.813539,1.376901,0.113000
4.727451,0.999456,1.700774,0.851583,0.113000
5.347273,1.105235,1.993346,0.985276,0.114000
4.517850,0.944702,1.539922,1.004997,0.113000
4.634017,0.985201,1.664032,0.788266,0.112000
4.833697,0.992916,1.662929,1.243815,0.113000
5.831382,1.266031,2.594527,0.246996,0.113000
5.455417,1.119570,2.042209,1.164914,0.112000
5.975750,1.205424,2.324530,1.557560,0.113000
5.955828,1.235544,2.444847,0.882755,0.110000
4.751856,1.009807,1.734314,0.683432,0.113000
5.052320,1.038496,1.798515,1.166044,0.113000
4.734584,1.014891,1.761887,0.649897,0.113000
4.754890,1.016529,1.753799,0.650944,0.113000
4.862253,1.001975,1.696486,1.249651,0.113000
5.165397,1.061656,1.866999,1.209427,0.114000
4.989909,1.072255,1.932075,0.547528,0.112000
4.628405,0.992377,1.696303,0.659537,0.115000
5.038548,1.078669,1.945750,0.628323,0.114000
5.270369,1.087337,1.951161,1.123806,0.112000
4.729280,1.012500,1.766794,0.718304,0.113000
5.618504,1.220799,2.446903,0.291946,0.113000
4.963788,1.051565,1.860386,0.803819,0.113000
5.206528,1.130618,2.114231,0.317013,0.113000
5.428300,1.176131,2.289096,0.336075,0.113000
4.656175,0.968120,1.603668,1.084658,0.113000
4.881998,1.017381,1.737226,0.995772,0.114000
5.693790,1.169017,2.216483,1.225232,0.113000
4.872761,1.018703,1.754010,0.901485,0.117000
5.322635,1.093674,1.973716,1.239657,0.114000
4.543760,0.958816,1.590730,0.872832,0.112000
9.085943,1.794504,4.514247,2.255369,0.112000
7.164699,1.441841,3.252866,1.308988,0.112000
5.460900,1.119498,2.048668,1.165920,0.112000
5.235155,1.069641,1.880287,1.377933,0.114000
4.618745,0.965617,1.597045,1.009667,0.113000
6.122977,1.230411,2.371098,1.619548,0.114000
7.225965,1.451458,3.230026,1.824714,0.112000
4.735289,0.992571,1.671262,0.917367,0.114000
4.737630,1.012313,1.746739,0.638045,0.116000
5.247615,1.090016,1.965055,1.074955,0.112000
5.042649,1.080176,1.949034,0.577637,0.116000
4.550856,0.955943,1.577950,0.955647,0.114000
4.960209,1.070267,1.924753,0.478500,0.113000
4.808883,0.994737,1.667210,1.104798,0.114000
4.798170,1.036847,1.831037,0.508362,0.114000
4.841822,1.016986,1.741833,0.867844,0.113000
4.924585,1.018742,1.738298,1.101082,0.113000
7.954762,1.587829,3.900605,1.601589,0.111000
4.603082,0.971542,1.621360,0.915021,0.112000
4.693059,1.005940,1.733841,0.652905,0.113000
6.358520,1.333189,2.856102,0.883136,0.110000
5.033142,1.044913,1.826035,1.017975,0.113000
5.094826,1.087536,1.983075,0.618487,0.113000
5.155958,1.052673,1.824563,1.349421,0.114000
4.856635,1.006620,1.709262,1.077320,0.113000
4.682293,0.972604,1.613413,1.092038,0.113000
6.635027,1.329996,2.705119,1.733476,0.113000
4.940936,1.027878,1.772196,1.003619,0.112000
5.033550,1.078466,1.961370,0.522552,0.113000
4.587532,0.981898,1.651899,0.676738,0.113000
4.517679,0.953515,1.572479,0.928922,0.113000
5.866991,1.183877,2.251577,1.486524,0.114000
4.918722,1.010411,1.720011,1.225765,0.114000
4.992899,1.059567,1.897345,0.825589,0.112000
5.822085,1.177694,2.239301,1.431573,0.112000
5.143175,1.089022,1.977663,0.696569,0.114000
4.832943,1.004478,1.709076,1.107386,0.114000
5.014269,1.052619,1.840527,0.811627,0.112000
4.824738,1.020360,1.761672,0.813229,0.114000
4.810507,0.996057,1.675799,1.148978,0.114000
4.700856,0.979656,1.638176,1.028757,0.114000
4.694790,0.996154,1.696940,0.748733,0.112000
4.623247,0.964465,1.592757,1.007734,0.115000
4.737030,0.990420,1.668610,1.021924,0.113000
6.251576,1.256193,2.432840,1.679509,0.114000
5.581059,1.131801,2.073397,1.464104,0.114000
5.331031,1.157609,2.203632,0.334630,0.114000
4.668365,0.988455,1.669470,0.752267,0.113000
6.078644,1.257192,2.535404,0.935508,0.113000
6.569547,1.312953,2.668260,1.677334,0.113000
4.935827,1.052635,1.861381,0.671155,0.114000
5.829173,1.174609,2.195733,1.551887,0.114000
6.966581,1.388235,2.933500,1.780906,0.113000
5.439335,1.103847,1.974353,1.439374,0.114000
6.800247,1.380492,3.003278,1.342968,0.111000
6.642552,1.333286,2.756038,1.623823,0.111000
5.933018,1.207366,2.342480,1.219061,0.113000
4.633844,0.972451,1.623014,0.933505,0.114000
6.019324,1.211685,2.298277,1.608293,0.113000
5.039334,1.029823,1.766703,1.314731,0.115000
4.997661,1.045162,1.825289,0.987314,0.114000
4.871371,1.016256,1.741302,1.021331,0.112000
4.928892,1.012647,1.723747,1.260606,0.113000
7.246633,1.443188,3.149644,1.797980,0.111000
5.883665,1.190094,2.226042,1.585590,0.113000
4.672277,0.991736,1.676385,0.742094,0.114000
4.500256,0.967218,1.613873,0.657139,0.113000
4.861485,1.020346,1.755475,0.887401,0.112000
5.017918,1.028004,1.764005,1.276309,0.113000
5.213150,1.067074,1.867117,1.194243,0.114000
4.532106,0.956812,1.580661,0.878753,0.113000
5.657519,1.150846,2.143848,1.383375,0.113000
4.681641,0.967534,1.593043,1.107205,0.113000
5.945071,1.257528,2.552268,0.739321,0.112000
6.449080,1.300302,2.687246,1.332635,0.113000
4.845012,1.027157,1.786078,0.830503,0.113000
4.781343,1.001142,1.695898,0.928713,0.113000
5.254786,1.069280,1.880012,1.391768,0.114000
5.050545,1.044051,1.814948,1.146982,0.114000
5.303697,1.094339,1.977626,1.203707,0.114000
5.754286,1.164550,2.163268,1.523291,0.114000
5.177311,1.108437,2.050299,0.704259,0.112000
4.528826,0.956658,1.578084,0.878253,0.113000
4.720413,1.001080,1.702097,0.765310,0.113000
5.176555,1.110511,2.049078,0.494256,0.113000
4.581660,0.971730,1.619926,0.822858,0.120000
4.671188,0.968536,1.604805,1.122412,0.114000
4.611806,0.974596,1.626370,0.837341,0.113000
4.807157,0.995233,1.672042,1.090843,0.113000
4.919175,1.054926,1.884723,0.592653,0.112000
4.807669,0.997764,1.683189,1.087864,0.113000
5.263050,1.074973,1.903045,1.299076,0.114000
5.513630,1.204016,2.369131,0.232621,0.112000
5.031790,1.076355,1.940563,0.594114,0.112000
5.810234,1.268286,2.560657,0.109888,0.113000
4.493664,0.944090,1.544049,0.974364,0.114000
5.235386,1.093602,1.965434,0.866926,0.114000
4.626476,0.976075,1.634476,0.909643,0.114000
5.434996,1.176155,2.283027,0.377582,0.113000
4.977118,1.052821,1.849090,0.723786,0.113000
5.993164,1.222985,2.408998,1.399370,0.112000
5.090702,1.061231,1.872280,0.956041,0.112000
5.569421,1.212307,2.390315,0.223193,0.114000
5.056846,1.036126,1.791088,1.352893,0.112000
4.571229,0.977277,1.649474,0.713267,0.112000
5.466386,1.113611,2.018784,1.392248,0.113000
4.693045,0.983593,1.649567,0.936097,0.114000
5.552539,1.130638,2.088039,1.303114,0.112000
4.767234,1.003466,1.708579,0.924919,0.113000
4.739989,1.017871,1.765820,0.583291,0.114000
4.926810,1.011231,1.713656,1.233285,0.115000
4.425479,0.939134,1.534918,0.833921,0.115000
4.640597,0.989158,1.689037,0.734903,0.113000
4.569787,0.965698,1.604887,0.855744,0.115000
4.976296,1.073692,1.944284,0.479491,0.113000
5.264536,1.080549,1.925475,1.239020,0.114000
4.700119,0.999978,1.706781,0.771365,0.113000
4.670489,0.971786,1.617283,1.092847,0.115000
4.871254,1.053640,1.878514,0.486796,0.112000
5.149592,1.080426,1.926091,0.843991,0.120000
5.377994,1.110452,2.021812,1.035459,0.113000
4.845761,1.038202,1.829986,0.683798,0.113000
4.948333,1.041690,1.828766,0.929893,0.113000
4.636491,0.976740,1.636424,0.923478,0.113000
4.512889,0.948350,1.550921,0.946467,0.114000
5.113090,1.053719,1.846413,1.172350,0.114000
4.621954,0.964270,1.600293,1.097930,0.115000
4.637671,0.962071,1.586037,1.105772,0.114000
5.869303,1.187207,2.267649,1.412458,0.112000
5.939620,1.199910,2.281543,1.590680,0.114000
6.659161,1.346414,2.812886,1.676324,0.113000
4.813467,1.009374,1.730617,1.010526,0.114000
6.513480,1.304581,2.667711,1.644556,0.112000
4.597064,0.970991,1.615927,0.850847,0.113000
4.519171,0.971324,1.634096,0.638507,0.113000
4.900181,1.037764,1.813726,0.770734,0.112000
4.914442,1.022436,1.760096,1.001711,0.112000
4.928434,1.026214,1.759536,0.942994,0.114000
4.600434,0.976300,1.633427,0.765215,0.112000
4.649288,0.979138,1.644460,0.968790,0.113000
5.208197,1.125119,2.101780,0.429822,0.113000
5.653327,1.142358,2.089034,1.470244,0.113000
4.982558,1.049293,1.842191,0.763912,0.112000
4.901595,1.049535,1.855566,0.602131,0.115000
4.720797,1.017829,1.759674,0.540352,0.114000
4.696286,0.994063,1.686322,0.863026,0.113000
4.645216,0.982206,1.647413,0.886878,0.113000
4.813287,1.022173,1.769366,0.761739,0.114000
5.524018,1.198543,2.337499,0.229482,0.113000
4.897071,1.024015,1.758218,0.946991,0.114000
4.709970,0.980421,1.633708,1.059362,0.114000
4.680150,0.983146,1.649754,0.894543,0.113000
4.835802,1.023165,1.768594,0.846332,0.113000
4.678124,0.972606,1.614054,1.068429,0.114000
4.854212,1.041291,1.833237,0.672607,0.113000
5.063312,1.088637,1.987564,0.502981,0.113000
4.811345,1.026482,1.789588,0.773472,0.113000
5.613383,1.212231,2.410709,0.449496,0.112000
5.057266,1.088994,1.990076,0.589193,0.113000
4.889748,1.018447,1.747315,1.061467,0.113000
5.972993,1.207841,2.346298,1.499943,0.114000
4.758631,0.995990,1.682067,0.964660,0.114000
4.909121,1.027848,1.776966,0.936135,0.113000
5.456564,1.164821,2.239254,0.666369,0.112000
4.609037,0.969459,1.618429,0.985201,0.114000
5.146212,1.053105,1.825929,1.166694,0.114000
4.896902,1.063051,1.897558,0.408927,0.114000
4.950819,1.063738,1.905804,0.559531,0.114000
4.784138,0.991122,1.658618,1.126701,0.114000
4.927332,1.059472,1.882619,0.533722,0.112000
4.925834,1.055613,1.878689,0.620608,0.112000
4.994314,1.067143,1.923854,0.584464,0.112000
4.791185,1.010303,1.729971,0.848110,0.113000
9.684076,1.903824,5.190377,2.263249,0.110000
4.668287,0.985197,1.655704,0.901962,0.113000
4.775678,0.999344,1.696275,0.993070,0.113000
4.829600,0.997865,1.683323,1.160437,0.113000
4.662910,0.999074,1.715587,0.690032,0.113000
4.749170,0.986271,1.647642,1.035228,0.114000
5.597275,1.134226,2.088247,1.427439,0.112000
5.664713,1.143903,2.103552,1.508692,0.113000
4.667120,0.993659,1.690304,0.755861,0.113000
5.710150,1.156026,2.143722,1.495064,0.113000
4.714902,0.991108,1.671820,0.891545,0.113000
5.098067,1.043734,1.803937,1.296837,0.113000
6.799285,1.366057,2.859621,1.600825,0.112000
5.393993,1.102125,1.984762,1.206509,0.113000
5.586490,1.151597,2.159757,1.104873,0.112000
5.049232,1.040260,1.805039,1.236024,0.114000
4.553204,0.970045,1.618404,0.733870,0.113000
4.709085,0.996408,1.690840,0.812652,0.114000
4.759984,0.988298,1.650733,1.053410,0.126000
5.333087,1.100490,2.004108,1.179127,0.113000
4.544050,0.957471,1.578141,0.925496,0.113000
4.897291,1.007226,1.705519,1.248438,0.114000
4.561305,0.962025,1.594804,0.895323,0.114000
4.616560,0.964811,1.595454,1.003587,0.113000
7.522001,1.488407,3.306938,1.901731,0.112000
4.830862,0.999298,1.686963,1.135541,0.113000
4.536637,0.949384,1.553399,1.001672,0.113000
9.675121,1.903921,5.122478,2.297946,0.111000
4.796500,1.012004,1.734111,0.835930,0.112000
5.167587,1.111500,2.067798,0.549393,0.112000
5.996829,1.239331,2.472611,0.917508,0.113000
5.467908,1.115290,2.023468,1.198359,0.113000
5.022288,1.023428,1.745437,1.328868,0.114000
4.903611,1.036426,1.808306,0.790727,0.114000
5.347750,1.093655,1.960350,1.325372,0.112000
5.585262,1.209648,2.391007,0.361773,0.110000
4.681299,0.998419,1.705787,0.758356,0.113000
4.617821,0.982978,1.652867,0.744342,0.113000
4.880873,1.023733,1.753438,0.829180,0.112000
4.893612,1.053731,1.870776,0.540971,0.113000
5.146727,1.097562,1.998584,0.615095,0.114000
4.610891,0.980578,1.647680,0.770957,0.114000
5.957229,1.202355,2.319329,1.463596,0.111000
5.543096,1.129467,2.074426,1.470643,0.114000
7.027825,1.404710,3.014922,1.811936,0.112000
4.437267,0.942590,1.545302,0.819108,0.114000
5.300624,1.153705,2.196226,0.282891,0.113000
4.842855,0.996862,1.668443,1.142211,0.114000
6.667028,1.333216,2.720269,1.743841,0.112000
5.348613,1.166198,2.230336,0.318171,0.113000
4.528881,0.959476,1.588233,0.815443,0.114000
8.223276,1.624423,3.962254,1.984279,0.112000
4.632571,0.987996,1.674602,0.751974,0.114000
4.853589,1.009605,1.711745,0.982677,0.113000
5.303543,1.147195,2.173604,0.349060,0.113000
4.689796,0.990474,1.676201,0.852137,0.113000
4.711633,1.015280,1.763500,0.548582,0.113000
4.937275,1.054471,1.871500,0.632498,0.113000
4.924913,1.018408,1.738383,1.135462,0.118000
4.802302,1.028778,1.813246,0.627004,0.114000
5.871835,1.180736,2.200156,1.548977,0.113000
7.324415,1.464435,3.249483,1.869867,0.113000
5.042484,1.081391,1.954920,0.565354,0.115000
4.769857,0.997147,1.694235,1.002268,0.114000
5.608446,1.140673,2.114661,1.309820,0.113000
5.393039,1.137627,2.132536,0.775674,0.112000
4.806773,1.012810,1.721611,0.810765,0.113000
4.921702,1.019026,1.748018,1.070425,0.113000
5.495962,1.176197,2.278789,0.542350,0.112000
5.170934,1.072134,1.910595,1.022986,0.114000
5.698783,1.207291,2.379067,0.666978,0.111000
4.789083,1.006783,1.710709,0.843618,0.113000
5.174089,1.067637,1.892681,1.268461,0.112000
6.385431,1.280058,2.568250,1.634532,0.113000
6.138724,1.308851,2.771904,0.525848,0.111000
4.849073,1.011650,1.725420,1.019001,0.112000
4.734730,0.984172,1.648916,1.077155,0.114000
4.760918,1.009870,1.732686,0.828790,0.115000
4.912610,1.037163,1.813247,0.799684,0.114000
4.657187,0.974543,1.626853,1.025230,0.115000
4.564884,0.980941,1.659929,0.643958,0.115000
5.779565,1.171144,2.213168,1.344343,0.113000
9.769902,1.914587,5.409188,2.165051,0.123000
4.703539,1.003832,1.724555,0.695940,0.114000
4.743290,1.018547,1.773859,0.567832,0.114000
4.891920,1.006376,1.707188,1.241492,0.113000
5.266536,1.081538,1.929278,1.176487,0.111000
4.980172,1.031107,1.773923,1.091646,0.114000
4.992023,1.019106,1.739146,1.287561,0.114000
4.638471,0.969550,1.606874,0.995047,0.115000
5.160334,1.089511,1.962620,0.688341,0.114000
4.591595,0.969773,1.615442,0.864053,0.115000
5.128270,1.058464,1.869789,1.172089,0.114000
4.942862,1.022156,1.756020,1.149324,0.115000
4.931201,1.038827,1.806399,0.868881,0.114000
5.037752,1.055225,1.870156,0.954536,0.113000
4.828644,1.022730,1.778542,0.818316,0.113000
4.893188,1.017530,1.742181,1.047916,0.113000
4.808794,1.003298,1.710664,0.997496,0.113000
5.502735,1.116331,2.013816,1.431690,0.113000
4.778416,1.003319,1.701567,0.919699,0.113000
5.051094,1.085056,1.980344,0.603083,0.113000
5.073927,1.039823,1.801337,1.371497,0.114000
4.816233,1.025535,1.783390,0.737323,0.113000
5.244221,1.070725,1.897193,1.319593,0.114000
5.623534,1.214321,2.459224,0.379591,0.111000
6.191983,1.279059,2.624044,1.079631,0.111000
5.041272,1.047795,1.835327,1.069927,0.113000
4.513011,0.962435,1.608791,0.741508,0.113000
4.788601,0.991007,1.667188,1.143141,0.113000
4.910383,1.011932,1.722250,1.201589,0.114000
5.397302,1.152784,2.184824,0.573516,0.112000
8.300536,1.641780,3.907935,2.067394,0.111000
4.767201,0.993044,1.671002,1.023050,0.114000
4.768327,0.995033,1.684141,0.992953,0.113000
6.076465,1.225396,2.379831,1.600136,0.113000
4.874484,1.028330,1.785773,0.862249,0.112000
5.904440,1.184581,2.220417,1.570330,0.114000
4.776956,0.994790,1.673680,1.032383,0.114000
4.720387,0.990809,1.665804,0.884391,0.113000
4.622369,0.962568,1.590432,1.072634,0.114000
4.992996,1.029142,1.769195,1.196204,0.113000
4.817798,0.994529,1.675599,1.222975,0.115000
6.010224,1.204913,2.320339,1.469628,0.115000
4.518274,0.954634,1.569996,0.894879,0.115000
5.506205,1.149587,2.170735,0.907390,0.112000
5.726596,1.165415,2.194154,1.359278,0.113000
5.035567,1.036171,1.786763,1.155256,0.113000
6.280839,1.259341,2.451167,1.687256,0.114000
4.944336,1.055452,1.887687,0.687461,0.112000
7.525257,1.488354,3.317643,1.882352,0.111000
4.683615,1.009182,1.750159,0.593746,0.113000
4.728361,0.992787,1.672937,0.931105,0.114000
5.542177,1.202819,2.375476,0.302685,0.113000
5.355242,1.130069,2.104260,0.725545,0.114000
5.603775,1.220408,2.429621,0.209743,0.112000
4.718156,0.995596,1.683508,0.862656,0.113000
5.524713,1.196626,2.337495,0.409216,0.112000
5.095734,1.045089,1.808692,1.242867,0.114000
4.793010,1.005747,1.706552,0.924491,0.115000
4.675844,0.985811,1.659489,0.858672,0.113000
4.785949,1.028037,1.796386,0.600204,0.114000
4.713385,0.981442,1.645609,1.061936,0.114000
4.638776,0.977484,1.631296,0.882929,0.113000
6.139697,1.240432,2.445613,1.418026,0.112000
6.267144,1.261817,2.519294,1.558316,0.112000
4.536257,0.966268,1.609815,0.765106,0.113000
4.577828,0.985892,1.675719,0.588544,0.113000
5.135891,1.058598,1.854319,1.111830,0.113000
5.130617,1.064847,1.879138,1.067965,0.114000
5.050911,1.058194,1.860538,0.912684,0.114000
5.001475,1.050009,1.843916,0.955126,0.113000
5.554246,1.195524,2.348721,0.433670,0.114000
4.745999,1.004394,1.722776,0.778260,0.114000
4.686425,0.977894,1.623411,0.978769,0.113000
4.672912,0.984534,1.657632,0.873338,0.113000
5.895929,1.279517,2.646977,0.231714,0.112000
5.420071,1.099735,1.976936,1.412495,0.112000
5.043876,1.087329,1.976999,0.495433,0.111000
5.341761,1.086788,1.939087,1.347030,0.112000
4.648723,0.986120,1.666303,0.788258,0.113000
4.763089,1.011801,1.738689,0.729128,0.113000
5.474917,1.188412,2.308355,0.269661,0.112000
4.638981,0.979064,1.641930,0.903519,0.113000
5.047513,1.059290,1.871040,0.839307,0.113000
5.451796,1.112000,2.014165,1.291098,0.113000
4.808807,1.014695,1.743155,0.909724,0.113000
4.494495,0.946520,1.556417,0.954409,0.114000
6.463004,1.314027,2.736197,1.339041,0.111000
4.831238,1.006428,1.717327,1.067061,0.114000
5.106210,1.058557,1.863855,1.173320,0.114000
4.824730,0.999406,1.688631,1.107815,0.115000
6.014236,1.214707,2.360612,1.449938,0.112000
4.777797,0.988092,1.655633,1.154220,0.112000
5.758454,1.185747,2.272418,1.053345,0.112000
4.649055,0.967709,1.611347,1.139003,0.114000
5.462345,1.186796,2.311391,0.274775,0.113000
6.502426,1.305341,2.661134,1.661282,0.112000
5.456965,1.121093,2.051333,1.089436,0.112000
4.977055,1.067256,1.938063,0.607809,0.117000
5.318823,1.081412,1.908156,1.439605,0.114000
4.694061,0.996593,1.700998,0.798599,0.115000
6.064993,1.219024,2.317549,1.652174,0.112000
4.691479,0.971595,1.604474,1.115587,0.113000
4.960883,1.046492,1.835230,0.789936,0.114000
5.866133,1.187174,2.258299,1.475642,0.114000
4.502067,0.963691,1.607847,0.697300,0.116000
4.797925,1.031115,1.812661,0.586298,0.118000
5.067123,1.042486,1.808340,1.158993,0.113000
5.413670,1.118725,2.042236,1.047228,0.113000
6.862276,1.391594,3.063061,1.312454,0.111000
5.074292,1.074390,1.935032,0.850562,0.114000
6.440827,1.355578,2.950778,0.687863,0.111000
5.603702,1.131937,2.060029,1.511364,0.113000
4.828460,1.030906,1.799575,0.655108,0.113000
4.880284,1.037323,1.819362,0.842588,0.113000
5.946264,1.226285,2.416864,0.981071,0.112000
6.066949,1.217382,2.338065,1.573881,0.112000
5.162022,1.089789,1.985289,0.816160,0.114000
6.157611,1.237195,2.428188,1.569261,0.112000
5.221336,1.065409,1.869450,1.358112,0.114000
5.027098,1.051774,1.834141,0.873544,0.112000
5.787934,1.190230,2.297327,1.089767,0.112000
5.367745,1.169090,2.253071,0.267086,0.114000
5.052363,1.069051,1.905906,0.816469,0.114000
5.682103,1.155470,2.155388,1.304843,0.114000
4.679816,0.971071,1.611569,1.124041,0.114000
4.745961,1.014702,1.759055,0.708771,0.114000
5.508746,1.201064,2.373654,0.250733,0.113000
4.698258,0.972933,1.609232,1.085332,0.114000
5.240036,1.067413,1.872965,1.405713,0.114000
4.834777,1.010436,1.713315,0.931262,0.113000
5.296711,1.139386,2.131582,0.397981,0.115000
5.718974,1.156447,2.134472,1.501914,0.113000
5.353303,1.112724,2.027040,0.960364,0.113000
5.134942,1.094429,1.990626,0.723825,0.114000
4.711507,0.994952,1.688282,0.845199,0.113000
5.367246,1.142680,2.165608,0.586515,0.112000
8.051183,1.595748,3.948418,1.817582,0.112000
5.283608,1.074612,1.881213,1.396486,0.114000
4.455994,0.940556,1.534080,0.906986,0.114000
4.939039,1.026034,1.762160,1.031425,0.114000
8.222865,1.644400,3.949054,2.080214,0.111000
5.217409,1.081268,1.934705,1.120877,0.113000
5.808610,1.191011,2.294909,1.119298,0.112000
5.012697,1.060191,1.886611,0.847061,0.112000
4.790355,1.028914,1.802360,0.590292,0.115000
4.565628,0.962079,1.600839,0.972181,0.114000
4.845438,1.031655,1.808166,0.758062,0.113000
5.307090,1.093582,1.974259,1.179899,0.113000
4.542420,0.951206,1.558635,0.963719,0.114000
5.469883,1.112592,2.020067,1.248373,0.113000
4.846652,1.005421,1.710808,1.137580,0.114000
4.707485,0.997380,1.693243,0.814846,0.113000
6.602293,1.322336,2.737707,1.619091,0.111000
5.149912,1.058417,1.861947,1.252559,0.118000
4.554582,0.959306,1.588213,0.951027,0.114000
5.458512,1.182670,2.299153,0.327673,0.113000
5.520487,1.128882,2.076237,1.217026,0.115000
4.784040,1.030759,1.811689,0.572442,0.113000
5.110872,1.046498,1.822563,1.353006,0.114000
4.906135,1.019456,1.755914,1.056282,0.114000
4.985839,1.040244,1.803745,0.988819,0.112000
4.778892,1.008733,1.719034,0.843089,0.113000
5.004596,1.067305,1.908600,0.617845,0.114000
5.853153,1.272180,2.562597,0.107986,0.127000
5.025062,1.062313,1.885510,0.794567,0.114000
6.361889,1.270102,2.500747,1.672935,0.113000
4.582532,0.974513,1.636499,0.764499,0.115000
5.741941,1.162292,2.168768,1.486279,0.112000
4.926958,1.045376,1.840271,0.707788,0.112000
4.843737,1.040029,1.827893,0.583074,0.113000
5.501857,1.116845,2.017882,1.476004,0.113000
4.925235,1.059981,1.882715,0.560440,0.117000
4.788474,1.021391,1.771395,0.698850,0.114000
4.600731,0.969627,1.612347,0.901971,0.123000
7.671003,1.525187,3.430888,1.944753,0.112000
5.025784,1.075141,1.935792,0.654121,0.113000
4.891946,1.026382,1.772794,0.938975,0.114000
4.865557,1.019862,1.758706,0.969276,0.114000
5.346691,1.156216,2.230136,0.415904,0.113000
4.850866,1.026875,1.776641,0.787495,0.113000
6.173899,1.248199,2.487809,1.480692,0.114000
5.169532,1.054874,1.837587,1.340560,0.114000
5.407758,1.153359,2.197539,0.553560,0.111000
4.632765,0.991280,1.691025,0.689320,0.114000
5.005363,1.026992,1.759923,1.265858,0.115000
5.850202,1.177226,2.190374,1.571015,0.113000
5.706688,1.158668,2.164617,1.449532,0.114000
4.894338,1.036366,1.806776,0.713893,0.113000
4.544039,0.959637,1.592606,0.909333,0.115000
4.559722,0.955864,1.572344,0.985480,0.113000
5.167432,1.080084,1.945792,1.052168,0.111000
5.492597,1.115137,2.014897,1.408437,0.114000
5.578650,1.144610,2.130298,1.153069,0.112000
4.554606,0.958276,1.581656,0.936644,0.113000
4.603392,0.963188,1.596939,1.052535,0.114000
4.685427,0.974990,1.626269,1.098677,0.113000
5.789445,1.177964,2.226559,1.465430,0.114000
7.650080,1.520414,3.512227,1.829084,0.111000
5.315904,1.087100,1.941615,1.358020,0.114000
4.991680,1.070902,1.932184,0.578457,0.114000
5.800323,1.179683,2.229778,1.532253,0.113000
5.144624,1.076591,1.919001,0.884488,0.113000
6.155072,1.331962,2.888883,0.258968,0.111000
6.122576,1.236630,2.411274,1.625469,0.112000
5.056859,1.049776,1.822538,0.972865,0.113000
5.770593,1.198715,2.323063,0.958744,0.112000
5.449959,1.111854,2.017185,1.362944,0.114000
4.522965,0.952059,1.571110,0.972329,0.115000
4.816856,1.028348,1.791597,0.643663,0.113000
5.502352,1.120057,2.042991,1.396694,0.112000
5.126587,1.087273,1.980544,0.681856,0.113000
4.705059,0.976744,1.634021,1.087575,0.113000
5.150216,1.096639,1.998047,0.598651,0.112000
5.003133,1.025955,1.760287,1.222341,0.113000
5.095789,1.057226,1.860986,1.097753,0.113000
5.545645,1.146595,2.156293,1.205899,0.112000
4.956341,1.023932,1.754943,1.129655,0.114000
5.541292,1.155041,2.176512,0.997809,0.112000
6.697107,1.349153,2.832755,1.666489,0.110000
5.847913,1.182022,2.238166,1.537493,0.114000
5.295353,1.130455,2.128281,0.554772,0.112000
4.638159,0.973971,1.625818,0.938517,0.113000
4.776166,0.988016,1.651862,1.079885,0.114000
5.250180,1.074554,1.902170,1.235930,0.113000
4.803532,0.992877,1.665330,1.126906,0.114000
5.258134,1.093962,1.984503,0.967488,0.113000
5.257340,1.094676,1.972304,0.970442,0.111000
5.153969,1.062338,1.877731,1.187434,0.113000
5.223431,1.113209,2.057284,0.543765,0.112000
4.490026,0.950050,1.566844,0.886037,0.114000
4.842406,1.047244,1.854896,0.524721,0.113000
6.104189,1.237057,2.455468,1.414348,0.113000
5.364524,1.104326,2.017615,1.184821,0.112000
4.984974,1.076646,1.948342,0.428473,0.113000
6.001105,1.214536,2.360418,1.456603,0.113000
4.599517,0.958803,1.574936,1.019332,0.113000
5.205790,1.110175,2.055112,0.688736,0.111000
4.610509,0.961859,1.598026,1.099323,0.113000
4.967138,1.067068,1.916753,0.519409,0.114000
4.725129,0.992450,1.674936,0.934509,0.114000
5.470686,1.112980,2.003616,1.342359,0.124000
5.304515,1.152337,2.205520,0.374195,0.112000
4.900923,1.020104,1.756314,1.027660,0.114000
7.747319,1.552306,3.746501,1.565901,0.111000
4.572100,0.958597,1.584966,0.994315,0.113000
6.420322,1.290875,2.639103,1.458797,0.113000
5.621366,1.139162,2.114268,1.388114,0.112000
6.042840,1.219658,2.324640,1.628497,0.113000
5.422145,1.166538,2.237813,0.445129,0.114000
6.534479,1.325732,2.751265,1.661948,0.112000
5.127723,1.078097,1.936805,0.892685,0.113000
5.112570,1.105028,2.025079,0.361199,0.114000
5.053584,1.072215,1.922911,0.700995,0.112000
6.500877,1.303877,2.666601,1.473306,0.113000
4.570266,0.955590,1.573178,1.037715,0.113000
4.621523,0.975301,1.630648,0.875174,0.114000
4.799463,1.008416,1.727801,0.979222,0.113000
4.954235,1.037086,1.805044,0.966059,0.113000
4.513299,0.963007,1.593525,0.740409,0.114000
5.244519,1.077601,1.917509,1.235912,0.112000
4.649161,0.970396,1.607372,1.015576,0.114000
4.969189,1.064488,1.901242,0.654172,0.113000
5.115421,1.047998,1.817723,1.270070,0.114000
4.872447,1.012539,1.723786,0.984759,0.114000
4.985230,1.039657,1.801118,0.944965,0.114000
5.117145,1.112694,2.084684,0.374222,0.111000
4.742196,1.001787,1.705502,0.854068,0.113000
5.866694,1.186066,2.250237,1.292379,0.113000
5.333884,1.087623,1.941043,1.338738,0.114000
5.162542,1.078259,1.925461,0.970817,0.113000
4.644672,0.971573,1.610156,0.955603,0.114000
4.426307,0.943503,1.549678,0.766004,0.113000
5.474418,1.181505,2.293748,0.321138,0.114000
4.434236,0.941590,1.546247,0.830873,0.114000
5.229894,1.126191,2.100991,0.386706,0.113000
4.775250,1.026412,1.789451,0.565573,0.113000
4.773974,1.011837,1.732941,0.773020,0.113000
4.849204,1.015500,1.739626,0.940252,0.113000
4.761714,0.985366,1.653600,1.154648,0.113000
4.923080,1.027900,1.778485,1.016357,0.114000
4.569132,0.974237,1.632653,0.727348,0.115000
4.762616,0.993688,1.669849,0.964341,0.114000
4.866120,1.029904,1.783663,0.775861,0.113000
4.630308,0.970182,1.615520,0.989411,0.113000
6.396844,1.280289,2.535647,1.646512,0.113000
4.521645,0.965208,1.614317,0.743340,0.113000
5.473905,1.120340,2.060770,1.331036,0.112000
5.142672,1.091186,1.983078,0.686565,0.111000
7.061576,1.411879,3.102479,1.662996,0.112000
5.007614,1.058980,1.879844,0.820747,0.114000
5.227726,1.134964,2.141179,0.425108,0.113000
5.874266,1.270207,2.591645,0.202387,0.113000
5.380923,1.090279,1.931100,1.424539,0.112000
5.730267,1.244122,2.510104,0.203498,0.112000
4.492794,0.962245,1.600183,0.694600,0.114000
5.468886,1.117999,2.043620,1.326351,0.114000
4.713634,1.008396,1.733280,0.636896,0.114000
5.108808,1.047067,1.821950,1.254143,0.113000
4.964271,1.026201,1.763851,1.145096,0.114000
5.311528,1.087139,1.946407,1.306151,0.113000
4.701965,0.982467,1.640007,0.980389,0.114000
4.586423,0.962866,1.594794,0.962879,0.114000
5.980227,1.204706,2.307556,1.535960,0.112000
4.855817,1.046460,1.853070,0.515606,0.113000
6.422033,1.385832,3.080606,0.348810,0.111000
4.663353,0.988639,1.672820,0.793151,0.113000
4.698193,0.982071,1.641248,0.980478,0.114000
4.867884,1.020834,1.757943,0.979859,0.114000
5.075140,1.054581,1.847332,1.007018,0.113000
4.898921,1.046706,1.858817,0.665708,0.114000
5.305998,1.103146,2.008508,0.992156,0.113000
4.594583,0.972835,1.623167,0.810826,0.114000
4.565961,0.979326,1.651233,0.646311,0.113000
5.558624,1.207538,2.356348,0.241172,0.113000
4.947203,1.069550,1.925751,0.437938,0.113000
4.940994,1.043174,1.826523,0.793355,0.113000
4.644896,0.998768,1.711121,0.631173,0.113000
6.502775,1.309246,2.703742,1.583217,0.112000
5.922547,1.267812,2.611898,0.476377,0.111000
4.888181,1.055741,1.886944,0.527487,0.114000
6.204737,1.251284,2.498215,1.396223,0.113000
5.116105,1.063071,1.875888,0.988451,0.126000
7.197204,1.441561,3.152215,1.842338,0.112000
5.544182,1.172491,2.250340,0.705918,0.112000
8.531114,1.689002,4.171204,2.060637,0.111000
5.283284,1.080762,1.932157,1.265045,0.114000
6.807796,1.478801,3.396114,-0.074756,0.112000
7.117857,1.417660,3.047066,1.767339,0.112000
4.551778,0.971464,1.630984,0.744246,0.114000
4.937403,1.058728,1.889608,0.608172,0.113000
4.696061,1.006460,1.726830,0.629996,0.115000
4.783225,0.993549,1.677453,1.134626,0.114000
6.001579,1.292414,2.710691,0.336345,0.112000
4.526550,0.956766,1.583539,0.879390,0.114000
5.189763,1.101455,2.014916,0.615670,0.113000
4.856600,0.995924,1.667923,1.233418,0.113000
4.716406,0.996136,1.689487,0.873158,0.113000
4.865112,1.026381,1.773239,0.787514,0.114000
5.819712,1.267398,2.631754,0.212253,0.113000
5.445733,1.114878,2.028973,1.192962,0.113000
4.568101,0.959434,1.586533,0.910322,0.113000
6.805653,1.361737,2.772438,1.834266,0.113000
4.764282,1.000003,1.691831,0.908625,0.113000
5.195707,1.060012,1.861212,1.356943,0.113000
5.068390,1.081067,1.958345,0.661489,0.113000
4.882935,1.024653,1.762257,0.865407,0.113000
4.902891,1.032651,1.797672,0.876877,0.112000
4.622622,0.994761,1.703710,0.623651,0.113000
5.123298,1.062699,1.883754,1.068076,0.112000
5.274305,1.076807,1.914626,1.371807,0.113000
5.205811,1.061984,1.860283,1.324666,0.113000
5.228984,1.086755,1.953276,1.019841,0.112000
6.098255,1.231037,2.362761,1.591681,0.114000
4.639347,0.970979,1.616816,0.984864,0.114000
4.868824,1.022988,1.767761,0.930695,0.112000
4.613589,0.968347,1.607955,0.937817,0.114000
4.740856,1.003452,1.716656,0.838245,0.113000
4.611811,0.976013,1.634445,0.817930,0.114000
4.527356,0.954255,1.572249,0.901159,0.113000
5.264072,1.097966,1.993952,0.971405,0.112000
5.291252,1.115211,2.053231,0.793667,0.112000
5.075661,1.040399,1.798028,1.217262,0.113000
5.534938,1.119723,2.026787,1.422609,0.114000
4.693788,0.979377,1.642640,1.003050,0.113000
5.081863,1.039874,1.797122,1.290053,0.114000
5.413281,1.109602,2.019805,1.162439,0.113000
4.784269,0.988367,1.650432,1.167224,0.114000
4.530282,0.953044,1.564100,0.898850,0.113000
4.513194,0.954776,1.580301,0.855922,0.114000
5.460129,1.184490,2.284164,0.268537,0.114000
6.570707,1.317446,2.726887,1.632854,0.113000
4.936349,1.036390,1.799653,0.888522,0.113000
6.186378,1.348305,2.863258,0.046479,0.114000
5.206452,1.085972,1.955294,1.019231,0.114000
5.439168,1.106206,2.001269,1.445864,0.114000
4.900979,1.059387,1.910531,0.502356,0.113000
4.528243,0.964965,1.607546,0.770572,0.113000
4.702701,1.003070,1.722475,0.694547,0.113000
5.373585,1.094722,1.957725,1.366160,0.116000
7.129700,1.421383,2.983105,1.873311,0.112000
5.184222,1.119926,2.093054,0.486322,0.113000
4.691859,0.976641,1.623395,1.057188,0.114000
5.168799,1.118844,2.091622,0.420148,0.112000
6.518044,1.417665,3.135161,-0.044474,0.111000
4.738703,0.991675,1.666792,0.947796,0.112000
4.828201,1.038961,1.823712,0.553471,0.114000
4.831139,1.033248,1.808730,0.675227,0.113000
4.543833,0.967684,1.616582,0.760148,0.114000
4.765104,0.999623,1.688602,0.920589,0.114000
4.702237,1.007017,1.735168,0.655417,0.114000
6.313323,1.265313,2.464853,1.703206,0.115000
5.352952,1.086230,1.922434,1.435564,0.114000
4.893761,1.046489,1.850635,0.637791,0.114000
5.241690,1.078735,1.929690,1.178035,0.114000
4.910987,1.012688,1.729387,1.248642,0.113000
4.937213,1.052109,1.867944,0.645364,0.113000
5.246215,1.129820,2.122463,0.389422,0.113000
4.708287,0.995666,1.695503,0.895648,0.114000
4.515067,0.967022,1.617799,0.691541,0.114000
5.542748,1.133703,2.096762,1.174685,0.113000
4.997757,1.027559,1.766268,1.250068,0.114000
4.743145,1.013135,1.751598,0.706119,0.113000
4.643961,0.964235,1.597357,1.141240,0.113000
4.697666,1.002891,1.714231,0.693913,0.114000
5.172095,1.072597,1.893024,1.022692,0.113000
4.609252,0.965145,1.593602,0.957211,0.113000
4.585481,0.957713,1.573415,1.019263,0.113000
4.931441,1.069047,1.938831,0.442518,0.114000
5.768791,1.253377,2.555208,0.227962,0.112000
7.691150,1.525117,3.523577,1.897811,0.112000
4.762767,0.989429,1.652009,1.001838,0.115000
4.911377,1.006485,1.700477,1.259079,0.114000
4.474983,0.941506,1.541568,0.936604,0.115000
